{
    "train": {
        "loss": 0.23236946761608124,
        "acc": 0.9385988116264343
    },
    "validation": {
        "loss": 0.01031338471989947,
        "acc": 0.5217147974031788
    }
}